name,x,y
feldkirchen-ossiacher-see,14.0763847,46.7086083
friesach-hirt,14.4316716,46.9286148
hohenems-dornbirn,9.6997206,47.3844684
innsbruck,11.3439951,47.2601998
ferlach-glainach,14.3308357,46.5327799
kufstein-langkampfen,12.1269421,47.5644488
lienz-nikolsdorf,12.8783322,46.7980820
mauterndorf,13.6961050,47.1319461
nötsch-im-gailtal,13.6283395,46.5808345
niederöblarn,14.0072165,47.4788875
reutte-höfen,10.6913901,47.4708314
st.-johann-tirol,12.4494449,47.5202733
trieben,14.4958329,47.4933331
zell-am-see,12.7908279,47.2915581
klagenfurt,14.3372207,46.6427750
ambri,8.6894382,46.5130566
bad-ragaz,9.4819065,47.0150040
bex,6.9863947,46.2582996
buochs,8.3969475,46.9744425
courtelary,7.0907969,47.1835998
gruyeres,7.0943994,46.5942016
kagiswil,8.2542027,46.9083009
la-côte,6.2581067,46.4063984
les-eplatures,6.7936148,47.0841703
locarno,8.8785947,46.1608017
lodrino,8.9927792,46.2944434
meiringen,8.1088864,46.7422210
lugano,8.9102809,46.0036156
mollis,9.0648025,47.0788991
motiers,6.6150067,46.9167002
montricher,6.4006038,46.5903043
muenster,8.2632977,46.4803000
neuchatel,6.8646938,46.9575016
raron,7.8216602,46.3044443
samedan,9.8841677,46.5344424
saanen,7.2486107,46.4863897
sion,7.3269479,46.2191674
schänis,9.0393976,47.1717018
reichenbach,7.6778065,46.6136007
st-gallen-altenrhein,9.5619480,47.4849956
thun,7.6006022,46.7563956
zweisimmen,7.3811132,46.5516681
yverdon-les-bains,6.6132975,46.7619028
agathazell,10.2729186,47.5544705
aix-en-diois,5.4080598,44.6900169
albertville,6.3288829,45.6263899
amberieu,5.3283352,45.9880534
annecy-meythet,6.0988914,45.9291711
annemasse,6.2683326,46.1919419
aspres-sur-buech,5.7361151,44.5177808
aubenasson,5.1502810,44.6951928
barcelonnette-saint-pons,6.6091704,44.3872241
bellegarde-vouvray,5.8048631,46.1233320
belley-peyrieu,5.6916726,45.6938859
bourg-ceyzeriat,5.2918369,46.2019478
carpentras,5.0838840,44.0280565
cereste-prv-36,5.5500047,43.8530553
chambery-aix-les-bains,5.8800139,45.6391686
chambery-challes-les-eaux,5.9755551,45.5608365
champagnole-crotenay,5.8197200,46.7633325
chateau-arnoux-saint-auban,5.9908424,44.0586176
fayence,6.6972169,43.6088902
gap-tallard,6.0366639,44.4538854
grenoble-le-versoud,5.8485135,45.2181982
habere-poche,6.4634468,46.2713883
mont-dauphin-saint-crepin,6.5991635,44.7005637
montmeilleur,5.7633310,44.7933333
nice-cote-d-azur,7.2156199,43.6602763
oyonnax-arbent,5.6665430,46.2786179
pontarlier,6.3268852,46.9041647
puimoisson,6.1627828,43.8688876
romans-saint-paul,5.1013896,45.0647335
saint-jean-en-royans,5.3091650,45.0263923
saint-remy-de-maurienne,6.2777775,45.3750079
serres-la-batie-montsaleon,5.7272257,44.4572300
seyne-les-alpes,6.3724978,44.3422192
sisteron-vaumeilh,5.9291640,44.2866692
sollieres-sardieres,6.8011260,45.2538934
ste.-croix-sur-verdon,6.1594619,43.7786163
valence-chabeuil,4.9698169,44.9211171
vinon,5.7830631,43.7363900
aosta,7.3674953,45.7386081
aviosuperficie-di-envie,7.4019990,44.6960017
biella-cerrione,8.1030025,45.4959963
bolzano,11.3260063,46.4599964
calcinate-del-pesce,8.7680001,45.8100029
dobbiaco,12.2316966,46.7270040
enemonzo,12.8869484,46.4044428
masera-aviosupe,8.3058378,46.1333300
rivoli-di-osoppo,13.0727937,46.2342981
sondrio-caiolo-airport,9.7980062,46.1540040
sterzing,11.4436071,46.8836093
torino-aeritalia,7.6030036,45.0839989
trento-mattarello,11.1250018,46.0229989
bovec,13.5486039,46.3286040
lesce-bled,14.1741723,46.3563857
